Timestamp,Value
2024-10-02T00:00:00Z,ON
2024-10-02T07:48:00Z,ON
2024-10-02T15:36:00Z,ON
2024-10-02T21:36:00Z,OFF
2024-10-02T23:24:00Z,ON
2024-10-03T06:36:00Z,ON
2024-10-03T12:36:00Z,OFF
2024-10-03T13:48:00Z,ON
2024-10-03T21:36:00Z,ON
2024-10-03T22:12:00Z,ON
2024-10-04T06:00:00Z,ON
2024-10-04T13:12:00Z,ON
2024-10-04T21:00:00Z,ON
2024-10-05T01:48:00Z,OFF
2024-10-05T02:24:00Z,ON
2024-10-05T03:36:00Z,OFF
2024-10-05T04:12:00Z,ON
2024-10-05T09:36:00Z,OFF
2024-10-05T10:12:00Z,ON
2024-10-05T12:36:00Z,OFF
2024-10-05T13:12:00Z,ON
2024-10-05T21:00:00Z,ON
2024-10-06T04:12:00Z,OFF
2024-10-06T04:48:00Z,ON
2024-10-06T08:24:00Z,OFF
2024-10-06T09:36:00Z,ON
2024-10-06T12:36:00Z,OFF
2024-10-06T13:12:00Z,ON
2024-10-06T18:00:00Z,OFF
2024-10-06T19:12:00Z,ON
2024-10-06T19:48:00Z,ON
2024-10-06T21:36:00Z,OFF
2024-10-06T22:48:00Z,ON
2024-10-06T23:24:00Z,OFF
2024-10-07T00:00:00Z,ON
2024-10-07T03:36:00Z,OFF
2024-10-07T04:12:00Z,ON
2024-10-07T10:48:00Z,ON
2024-10-07T16:48:00Z,OFF
2024-10-07T17:24:00Z,ON
2024-10-07T18:00:00Z,OFF
2024-10-07T19:12:00Z,ON
2024-10-07T19:48:00Z,OFF
2024-10-07T21:00:00Z,ON
2024-10-08T04:12:00Z,ON
2024-10-08T06:00:00Z,OFF
2024-10-08T06:36:00Z,ON
2024-10-08T10:48:00Z,OFF
2024-10-08T12:00:00Z,ON
2024-10-08T19:48:00Z,ON
2024-10-08T21:36:00Z,OFF
2024-10-08T22:12:00Z,ON
2024-10-09T06:00:00Z,OFF
2024-10-09T07:12:00Z,ON
2024-10-09T10:48:00Z,OFF
2024-10-09T11:24:00Z,ON
2024-10-09T17:24:00Z,ON
2024-10-09T19:48:00Z,OFF
2024-10-09T20:24:00Z,ON
2024-10-10T04:12:00Z,ON
2024-10-10T08:24:00Z,OFF
2024-10-10T09:36:00Z,ON
2024-10-10T17:24:00Z,ON
2024-10-11T01:12:00Z,ON
2024-10-11T07:48:00Z,OFF
2024-10-11T08:24:00Z,ON
2024-10-11T13:48:00Z,OFF
2024-10-11T14:24:00Z,ON
2024-10-11T22:12:00Z,OFF
2024-10-11T22:48:00Z,ON
2024-10-11T23:24:00Z,OFF
2024-10-12T00:36:00Z,ON
2024-10-12T01:48:00Z,OFF
2024-10-12T02:24:00Z,ON
2024-10-12T09:36:00Z,ON
2024-10-12T15:00:00Z,ON
2024-10-12T19:12:00Z,OFF
2024-10-12T20:24:00Z,ON
2024-10-12T23:24:00Z,OFF
2024-10-13T00:00:00Z,ON
2024-10-13T00:36:00Z,OFF
2024-10-13T01:12:00Z,ON
2024-10-13T06:36:00Z,OFF
2024-10-13T07:48:00Z,ON
2024-10-13T15:36:00Z,ON
2024-10-13T23:24:00Z,ON
2024-10-14T07:12:00Z,ON
2024-10-14T07:48:00Z,OFF
2024-10-14T08:24:00Z,ON
2024-10-14T13:12:00Z,OFF
2024-10-14T13:48:00Z,ON
2024-10-14T15:36:00Z,OFF
2024-10-14T16:12:00Z,ON
2024-10-14T20:24:00Z,OFF
2024-10-14T21:00:00Z,ON
2024-10-14T22:48:00Z,OFF
2024-10-14T23:24:00Z,ON
2024-10-15T07:12:00Z,OFF
2024-10-15T07:48:00Z,ON
2024-10-15T10:12:00Z,OFF
2024-10-15T10:48:00Z,ON
2024-10-15T12:36:00Z,ON
2024-10-15T18:36:00Z,OFF
2024-10-15T22:12:00Z,ON
2024-10-15T22:48:00Z,OFF
2024-10-16T00:00:00Z,ON
2024-10-16T04:12:00Z,OFF
2024-10-16T05:24:00Z,ON
2024-10-16T06:00:00Z,OFF
2024-10-16T06:36:00Z,ON
2024-10-16T08:24:00Z,OFF
2024-10-16T09:00:00Z,ON
2024-10-16T09:36:00Z,OFF
2024-10-16T12:36:00Z,ON
2024-10-16T18:36:00Z,OFF
2024-10-16T19:12:00Z,ON
2024-10-16T22:48:00Z,OFF
2024-10-16T23:24:00Z,ON
2024-10-17T00:00:00Z,OFF
2024-10-17T00:36:00Z,ON
2024-10-17T06:00:00Z,OFF
2024-10-17T09:00:00Z,ON
2024-10-17T13:12:00Z,OFF
2024-10-17T13:48:00Z,ON
2024-10-17T20:24:00Z,OFF
2024-10-17T21:00:00Z,ON
2024-10-17T21:36:00Z,OFF
2024-10-17T22:12:00Z,ON
2024-10-18T06:00:00Z,ON
2024-10-18T09:00:00Z,OFF
2024-10-18T10:12:00Z,ON
2024-10-18T12:36:00Z,OFF
2024-10-18T13:12:00Z,ON
2024-10-18T15:00:00Z,OFF
2024-10-18T15:36:00Z,ON
2024-10-18T23:24:00Z,ON
2024-10-19T03:00:00Z,OFF
2024-10-19T03:36:00Z,ON
2024-10-19T11:24:00Z,OFF
2024-10-19T13:48:00Z,ON
2024-10-19T21:36:00Z,ON
2024-10-20T05:24:00Z,ON
2024-10-20T13:12:00Z,ON
2024-10-20T21:00:00Z,ON
2024-10-20T21:36:00Z,OFF
2024-10-20T22:12:00Z,ON
2024-10-21T04:12:00Z,ON
2024-10-21T07:48:00Z,ON
2024-10-21T15:36:00Z,ON
2024-10-21T18:36:00Z,OFF
2024-10-21T19:12:00Z,ON
2024-10-21T22:48:00Z,OFF
2024-10-22T00:36:00Z,ON
2024-10-22T04:48:00Z,OFF
2024-10-22T05:24:00Z,ON
2024-10-22T09:36:00Z,OFF
2024-10-22T10:12:00Z,ON
2024-10-22T12:00:00Z,OFF
2024-10-22T14:24:00Z,ON
2024-10-22T22:12:00Z,ON
2024-10-22T22:48:00Z,OFF
2024-10-22T23:24:00Z,ON
2024-10-23T07:12:00Z,ON
2024-10-23T14:24:00Z,ON
2024-10-23T21:36:00Z,ON
2024-10-24T00:36:00Z,OFF
2024-10-24T01:12:00Z,ON
2024-10-24T05:24:00Z,ON
2024-10-24T07:48:00Z,OFF
2024-10-24T08:24:00Z,ON
2024-10-24T09:00:00Z,OFF
2024-10-24T10:12:00Z,ON
2024-10-24T18:00:00Z,ON
2024-10-25T01:48:00Z,ON
2024-10-25T06:00:00Z,OFF
2024-10-25T06:36:00Z,ON
2024-10-25T13:12:00Z,ON
2024-10-25T15:36:00Z,OFF
2024-10-25T16:12:00Z,ON
2024-10-25T21:00:00Z,OFF
2024-10-25T21:36:00Z,ON
2024-10-26T05:24:00Z,ON
2024-10-26T13:12:00Z,ON
2024-10-26T21:00:00Z,ON
2024-10-27T01:48:00Z,OFF
2024-10-27T02:24:00Z,ON
2024-10-27T03:00:00Z,OFF
2024-10-27T03:36:00Z,ON
2024-10-27T10:12:00Z,OFF
2024-10-27T10:48:00Z,ON
2024-10-27T12:36:00Z,OFF
2024-10-27T13:48:00Z,ON
2024-10-27T15:00:00Z,OFF
2024-10-27T15:36:00Z,ON
2024-10-27T19:12:00Z,OFF
2024-10-27T20:24:00Z,ON
2024-10-28T00:36:00Z,OFF
2024-10-28T01:12:00Z,ON
2024-10-28T09:00:00Z,OFF
2024-10-28T10:12:00Z,ON
2024-10-28T12:00:00Z,OFF
2024-10-28T13:12:00Z,ON
2024-10-28T21:00:00Z,ON
2024-10-29T04:48:00Z,ON
2024-10-29T09:36:00Z,OFF
2024-10-29T10:12:00Z,ON
2024-10-29T13:12:00Z,OFF
2024-10-29T13:48:00Z,ON
2024-10-29T21:36:00Z,ON
2024-10-29T22:48:00Z,OFF
2024-10-30T00:00:00Z,ON
2024-10-30T00:36:00Z,OFF
2024-10-30T01:48:00Z,ON
2024-10-30T09:36:00Z,ON
2024-10-30T17:24:00Z,ON
2024-10-30T18:00:00Z,OFF
2024-10-30T18:36:00Z,ON
2024-10-30T22:48:00Z,OFF
2024-10-30T23:24:00Z,ON
2024-10-31T01:12:00Z,OFF
2024-10-31T02:24:00Z,ON
2024-10-31T08:24:00Z,OFF
2024-10-31T09:00:00Z,ON
2024-10-31T10:12:00Z,OFF
2024-10-31T10:48:00Z,ON
2024-10-31T12:36:00Z,OFF
2024-10-31T13:48:00Z,ON
2024-10-31T21:00:00Z,OFF
2024-10-31T21:36:00Z,ON
2024-11-01T05:24:00Z,ON
2024-11-01T06:36:00Z,OFF
2024-11-01T07:12:00Z,ON
2024-11-01T11:24:00Z,OFF
2024-11-01T12:00:00Z,ON
2024-11-01T18:36:00Z,OFF
2024-11-01T19:12:00Z,ON
2024-11-01T19:48:00Z,OFF
2024-11-01T20:24:00Z,ON
2024-11-01T22:12:00Z,ON
2024-11-02T04:12:00Z,OFF
2024-11-02T05:24:00Z,ON
2024-11-02T06:00:00Z,OFF
2024-11-02T06:36:00Z,ON
2024-11-02T07:12:00Z,OFF
2024-11-02T09:00:00Z,ON
2024-11-02T16:48:00Z,ON
2024-11-03T00:00:00Z,OFF
2024-11-03T00:36:00Z,ON
2024-11-03T08:24:00Z,ON
2024-11-03T12:00:00Z,OFF
2024-11-03T12:36:00Z,ON
2024-11-03T19:12:00Z,ON
2024-11-03T22:12:00Z,OFF
2024-11-03T22:48:00Z,ON
2024-11-04T00:00:00Z,OFF
2024-11-04T01:12:00Z,ON
2024-11-04T08:24:00Z,ON
2024-11-04T11:24:00Z,OFF
2024-11-04T14:24:00Z,ON
2024-11-04T16:48:00Z,OFF
2024-11-04T18:36:00Z,ON
2024-11-04T19:48:00Z,ON
2024-11-04T20:24:00Z,OFF
2024-11-04T21:00:00Z,ON
2024-11-04T22:48:00Z,OFF
2024-11-04T23:24:00Z,ON
2024-11-05T07:12:00Z,ON
2024-11-05T09:36:00Z,OFF
2024-11-05T10:12:00Z,ON
2024-11-05T10:48:00Z,OFF
2024-11-05T11:24:00Z,ON
2024-11-05T16:12:00Z,OFF
2024-11-05T16:48:00Z,ON
2024-11-05T17:24:00Z,OFF
2024-11-05T18:00:00Z,ON
2024-11-05T22:12:00Z,OFF
2024-11-05T22:48:00Z,ON
2024-11-06T03:36:00Z,OFF
2024-11-06T04:12:00Z,ON
2024-11-06T07:48:00Z,OFF
2024-11-06T08:24:00Z,ON
2024-11-06T09:00:00Z,OFF
2024-11-06T10:12:00Z,ON
2024-11-06T10:48:00Z,OFF
2024-11-06T11:24:00Z,ON
2024-11-06T15:00:00Z,OFF
2024-11-06T15:36:00Z,ON
2024-11-06T19:12:00Z,OFF
2024-11-06T19:48:00Z,ON
2024-11-06T20:24:00Z,OFF
2024-11-06T21:00:00Z,ON
2024-11-07T03:00:00Z,OFF
2024-11-07T03:36:00Z,ON
2024-11-07T11:24:00Z,ON
2024-11-07T16:12:00Z,OFF
2024-11-07T17:24:00Z,ON
2024-11-07T19:48:00Z,OFF
2024-11-07T20:24:00Z,ON
2024-11-08T03:36:00Z,ON
2024-11-08T11:24:00Z,OFF
2024-11-08T12:00:00Z,ON
2024-11-08T13:48:00Z,OFF
2024-11-08T15:36:00Z,ON
2024-11-08T20:24:00Z,OFF
2024-11-08T21:00:00Z,ON
2024-11-08T23:24:00Z,OFF
2024-11-09T00:00:00Z,ON
2024-11-09T04:12:00Z,OFF
2024-11-09T04:48:00Z,ON
2024-11-09T06:36:00Z,OFF
2024-11-09T07:12:00Z,ON
2024-11-09T10:48:00Z,OFF
2024-11-09T11:24:00Z,ON
2024-11-09T16:48:00Z,OFF
2024-11-09T17:24:00Z,ON
2024-11-09T18:00:00Z,OFF
2024-11-09T18:36:00Z,ON
2024-11-09T23:24:00Z,OFF
2024-11-10T00:00:00Z,ON
2024-11-10T06:00:00Z,ON
2024-11-10T09:36:00Z,OFF
2024-11-10T10:12:00Z,ON
2024-11-10T13:48:00Z,OFF
2024-11-10T14:24:00Z,ON
2024-11-10T15:00:00Z,ON
2024-11-10T16:48:00Z,OFF
2024-11-10T17:24:00Z,ON
2024-11-10T23:24:00Z,OFF
2024-11-11T02:24:00Z,ON
2024-11-11T09:36:00Z,ON
2024-11-11T12:00:00Z,OFF
2024-11-11T12:36:00Z,ON
2024-11-11T13:12:00Z,OFF
2024-11-11T13:48:00Z,ON
2024-11-11T14:24:00Z,OFF
2024-11-11T16:12:00Z,ON
2024-11-11T22:48:00Z,ON
2024-11-12T01:12:00Z,OFF
2024-11-12T01:48:00Z,ON
2024-11-12T06:00:00Z,OFF
2024-11-12T06:36:00Z,ON
2024-11-12T11:24:00Z,OFF
2024-11-12T12:00:00Z,ON
2024-11-12T14:24:00Z,OFF
2024-11-12T15:00:00Z,ON
2024-11-12T22:48:00Z,OFF
2024-11-12T23:24:00Z,ON
2024-11-13T03:36:00Z,OFF
2024-11-13T06:00:00Z,ON
2024-11-13T12:36:00Z,ON
2024-11-13T13:48:00Z,OFF
2024-11-13T14:24:00Z,ON
2024-11-13T15:00:00Z,OFF
2024-11-13T15:36:00Z,ON
2024-11-13T16:12:00Z,OFF
2024-11-13T16:48:00Z,ON
2024-11-13T18:36:00Z,OFF
2024-11-13T19:12:00Z,ON
2024-11-13T21:36:00Z,OFF
2024-11-13T22:12:00Z,ON
2024-11-14T00:00:00Z,OFF
2024-11-14T01:12:00Z,ON
2024-11-14T06:36:00Z,OFF
2024-11-14T07:12:00Z,ON
2024-11-14T15:00:00Z,OFF
2024-11-14T15:36:00Z,ON
2024-11-14T19:48:00Z,OFF
2024-11-14T21:00:00Z,ON
2024-11-15T00:36:00Z,OFF
2024-11-15T01:12:00Z,ON
2024-11-15T09:00:00Z,ON
2024-11-15T16:12:00Z,OFF
2024-11-15T17:24:00Z,ON
2024-11-15T23:24:00Z,OFF
2024-11-16T00:36:00Z,ON
2024-11-16T08:24:00Z,ON
2024-11-16T10:12:00Z,OFF
2024-11-16T10:48:00Z,ON
2024-11-16T18:36:00Z,ON
2024-11-17T02:24:00Z,ON
2024-11-17T09:36:00Z,ON
2024-11-17T15:00:00Z,OFF
2024-11-17T15:36:00Z,ON
2024-11-17T17:24:00Z,OFF
2024-11-17T18:00:00Z,ON
2024-11-17T21:36:00Z,OFF
2024-11-17T22:48:00Z,ON
2024-11-17T23:24:00Z,OFF
2024-11-18T00:00:00Z,ON
2024-11-18T07:48:00Z,ON
2024-11-18T15:00:00Z,OFF
2024-11-18T16:12:00Z,ON
2024-11-19T00:00:00Z,OFF
2024-11-19T00:36:00Z,ON
2024-11-19T01:48:00Z,OFF
2024-11-19T03:00:00Z,ON
2024-11-19T07:48:00Z,OFF
2024-11-19T09:00:00Z,ON
2024-11-19T10:48:00Z,OFF
2024-11-19T11:24:00Z,ON
2024-11-19T13:48:00Z,OFF
2024-11-19T15:00:00Z,ON
2024-11-19T15:36:00Z,OFF
2024-11-19T18:00:00Z,ON
2024-11-19T19:12:00Z,OFF
2024-11-19T19:48:00Z,ON
2024-11-20T03:36:00Z,ON
2024-11-20T04:12:00Z,OFF
2024-11-20T05:24:00Z,ON
2024-11-20T11:24:00Z,ON
2024-11-20T18:36:00Z,ON
2024-11-20T22:12:00Z,OFF
2024-11-20T22:48:00Z,ON
2024-11-21T06:00:00Z,OFF
2024-11-21T06:36:00Z,ON
2024-11-21T11:24:00Z,OFF
2024-11-21T12:00:00Z,ON
2024-11-21T18:36:00Z,OFF
2024-11-21T19:48:00Z,ON
2024-11-21T20:24:00Z,OFF
2024-11-21T21:00:00Z,ON
2024-11-22T04:48:00Z,ON
2024-11-22T05:24:00Z,OFF
2024-11-22T06:00:00Z,ON
2024-11-22T08:24:00Z,OFF
2024-11-22T09:36:00Z,ON
2024-11-22T13:48:00Z,OFF
2024-11-22T14:24:00Z,ON
2024-11-22T15:00:00Z,OFF
2024-11-22T16:48:00Z,ON
2024-11-23T00:00:00Z,OFF
2024-11-23T02:24:00Z,ON
2024-11-23T10:12:00Z,ON
2024-11-23T18:00:00Z,ON
2024-11-23T21:00:00Z,OFF
2024-11-23T23:24:00Z,ON
2024-11-24T07:12:00Z,ON
2024-11-24T09:36:00Z,OFF
2024-11-24T10:12:00Z,ON
2024-11-24T12:00:00Z,OFF
2024-11-24T12:36:00Z,ON
2024-11-24T20:24:00Z,ON
2024-11-25T01:12:00Z,OFF
2024-11-25T03:00:00Z,ON
2024-11-25T10:12:00Z,ON
2024-11-25T18:00:00Z,ON
2024-11-25T19:48:00Z,OFF
2024-11-25T20:24:00Z,ON
2024-11-26T03:36:00Z,ON
2024-11-26T11:24:00Z,OFF
2024-11-26T12:36:00Z,ON
2024-11-26T15:36:00Z,OFF
2024-11-26T16:12:00Z,ON
2024-11-26T22:48:00Z,OFF
2024-11-27T01:12:00Z,ON
2024-11-27T09:00:00Z,ON
2024-11-27T15:36:00Z,ON
2024-11-27T16:48:00Z,ON
2024-11-27T19:12:00Z,OFF
2024-11-27T19:48:00Z,ON
2024-11-27T22:12:00Z,OFF
2024-11-27T22:48:00Z,ON
2024-11-27T23:24:00Z,OFF
2024-11-28T00:00:00Z,ON
2024-11-28T07:48:00Z,ON
2024-11-28T13:12:00Z,OFF
2024-11-28T13:48:00Z,ON
2024-11-28T21:36:00Z,ON
2024-11-29T03:00:00Z,OFF
2024-11-29T03:36:00Z,ON
2024-11-29T04:12:00Z,OFF
2024-11-29T04:48:00Z,ON
2024-11-29T09:36:00Z,OFF
2024-11-29T10:48:00Z,ON
2024-11-29T18:36:00Z,ON
2024-11-29T22:12:00Z,OFF
2024-11-29T22:48:00Z,ON
2024-11-30T04:12:00Z,OFF
2024-11-30T04:48:00Z,ON
2024-11-30T07:48:00Z,OFF
2024-11-30T08:24:00Z,ON
2024-11-30T10:48:00Z,OFF
2024-11-30T11:24:00Z,ON
2024-11-30T19:12:00Z,ON
2024-11-30T22:12:00Z,OFF
2024-11-30T22:48:00Z,ON
2024-12-01T00:36:00Z,OFF
2024-12-01T01:12:00Z,ON
2024-12-01T09:00:00Z,ON
2024-12-01T12:00:00Z,OFF
2024-12-01T12:36:00Z,ON
2024-12-01T13:48:00Z,OFF
2024-12-01T14:24:00Z,ON
2024-12-01T16:12:00Z,OFF
2024-12-01T16:48:00Z,ON
2024-12-01T21:36:00Z,OFF
2024-12-01T22:12:00Z,ON
2024-12-02T06:00:00Z,ON
2024-12-02T09:00:00Z,OFF
2024-12-02T09:36:00Z,ON
2024-12-02T10:12:00Z,OFF
2024-12-02T10:48:00Z,ON
2024-12-02T18:36:00Z,ON
2024-12-03T02:24:00Z,ON
2024-12-03T10:12:00Z,ON
2024-12-03T16:12:00Z,OFF
2024-12-03T16:48:00Z,ON
2024-12-03T18:36:00Z,OFF
2024-12-03T19:12:00Z,ON
2024-12-04T03:00:00Z,ON
2024-12-04T10:48:00Z,ON
2024-12-04T12:36:00Z,OFF
2024-12-04T13:12:00Z,ON
2024-12-04T21:00:00Z,ON
2024-12-05T04:48:00Z,OFF
2024-12-05T06:00:00Z,ON
2024-12-05T10:12:00Z,OFF
2024-12-05T10:48:00Z,ON
2024-12-05T11:24:00Z,OFF
2024-12-05T12:36:00Z,ON
2024-12-05T13:48:00Z,OFF
2024-12-05T14:24:00Z,ON
2024-12-05T15:00:00Z,OFF
2024-12-05T15:36:00Z,ON
2024-12-05T16:48:00Z,OFF
2024-12-05T17:24:00Z,ON
2024-12-05T22:12:00Z,ON
2024-12-06T01:12:00Z,ON
2024-12-06T04:48:00Z,OFF
2024-12-06T05:24:00Z,ON
2024-12-06T09:36:00Z,OFF
2024-12-06T10:12:00Z,ON
2024-12-06T12:00:00Z,OFF
2024-12-06T12:36:00Z,ON
2024-12-06T20:24:00Z,ON
2024-12-06T21:36:00Z,OFF
2024-12-06T22:12:00Z,ON
2024-12-07T06:00:00Z,ON
2024-12-07T12:36:00Z,OFF
2024-12-07T13:12:00Z,ON
2024-12-07T19:48:00Z,OFF
2024-12-07T20:24:00Z,ON
2024-12-08T00:36:00Z,OFF
2024-12-08T01:48:00Z,ON
2024-12-08T09:36:00Z,ON
2024-12-08T13:12:00Z,OFF
2024-12-08T13:48:00Z,ON
2024-12-08T17:24:00Z,OFF
2024-12-08T18:00:00Z,ON
2024-12-09T01:48:00Z,ON
2024-12-09T06:00:00Z,OFF
2024-12-09T06:36:00Z,ON
2024-12-09T14:24:00Z,OFF
2024-12-09T16:12:00Z,ON
2024-12-10T00:00:00Z,ON
2024-12-10T06:36:00Z,OFF
2024-12-10T07:12:00Z,ON
2024-12-10T09:00:00Z,OFF
2024-12-10T09:36:00Z,ON
2024-12-10T10:12:00Z,OFF
2024-12-10T10:48:00Z,ON
2024-12-10T12:00:00Z,OFF
2024-12-10T12:36:00Z,ON
2024-12-10T19:12:00Z,OFF
2024-12-10T19:48:00Z,ON
2024-12-11T03:36:00Z,ON
2024-12-11T11:24:00Z,ON
2024-12-11T17:24:00Z,OFF
2024-12-11T18:00:00Z,ON
2024-12-11T19:48:00Z,OFF
2024-12-11T20:24:00Z,ON
2024-12-11T21:00:00Z,OFF
2024-12-11T21:36:00Z,ON
2024-12-11T23:24:00Z,OFF
2024-12-12T00:00:00Z,ON
2024-12-12T04:48:00Z,OFF
2024-12-12T05:24:00Z,ON
2024-12-12T13:12:00Z,ON
2024-12-12T19:48:00Z,OFF
2024-12-12T20:24:00Z,ON
2024-12-13T04:12:00Z,ON
2024-12-13T12:00:00Z,ON
2024-12-13T13:48:00Z,OFF
2024-12-13T14:24:00Z,ON
2024-12-13T15:36:00Z,OFF
2024-12-13T16:12:00Z,ON
2024-12-14T00:00:00Z,ON
2024-12-14T02:24:00Z,OFF
2024-12-14T03:00:00Z,ON
2024-12-14T03:36:00Z,OFF
2024-12-14T04:12:00Z,ON
2024-12-14T10:48:00Z,OFF
2024-12-14T11:24:00Z,ON
2024-12-14T19:12:00Z,ON
2024-12-14T22:48:00Z,OFF
2024-12-14T23:24:00Z,ON
2024-12-15T00:36:00Z,OFF
2024-12-15T01:12:00Z,ON
2024-12-15T06:36:00Z,OFF
2024-12-15T07:12:00Z,ON
2024-12-15T15:00:00Z,ON
2024-12-15T19:12:00Z,OFF
2024-12-15T19:48:00Z,ON
2024-12-15T22:48:00Z,OFF
2024-12-15T23:24:00Z,ON
2024-12-16T00:00:00Z,OFF
2024-12-16T00:36:00Z,ON
2024-12-16T01:48:00Z,OFF
2024-12-16T02:24:00Z,ON
2024-12-16T10:12:00Z,ON
2024-12-16T18:00:00Z,ON
2024-12-17T01:48:00Z,ON
2024-12-17T09:36:00Z,ON
2024-12-17T17:24:00Z,ON
2024-12-17T18:00:00Z,OFF
2024-12-17T18:36:00Z,ON
2024-12-17T20:24:00Z,OFF
2024-12-17T21:00:00Z,ON
2024-12-18T04:48:00Z,ON
2024-12-18T12:36:00Z,ON
2024-12-18T15:36:00Z,OFF
2024-12-18T16:12:00Z,ON
2024-12-18T21:00:00Z,OFF
2024-12-18T21:36:00Z,ON
2024-12-19T03:36:00Z,OFF
2024-12-19T04:12:00Z,ON
2024-12-19T09:00:00Z,OFF
2024-12-19T09:36:00Z,ON
2024-12-19T17:24:00Z,ON
2024-12-19T23:24:00Z,OFF
2024-12-20T00:00:00Z,ON
2024-12-20T07:48:00Z,ON
2024-12-20T08:24:00Z,OFF
2024-12-20T09:00:00Z,ON
2024-12-20T13:12:00Z,OFF
2024-12-20T13:48:00Z,ON
2024-12-20T14:24:00Z,OFF
2024-12-20T15:00:00Z,ON
2024-12-20T18:36:00Z,OFF
2024-12-20T19:12:00Z,ON
2024-12-20T19:48:00Z,OFF
2024-12-20T20:24:00Z,ON
2024-12-20T22:48:00Z,OFF
2024-12-20T23:24:00Z,ON
2024-12-21T02:24:00Z,OFF
2024-12-21T03:00:00Z,ON
2024-12-21T07:12:00Z,OFF
2024-12-21T07:48:00Z,ON
2024-12-21T10:48:00Z,OFF
2024-12-21T11:24:00Z,ON
2024-12-21T14:24:00Z,OFF
2024-12-21T15:00:00Z,ON
2024-12-21T19:12:00Z,OFF
2024-12-21T19:48:00Z,ON
2024-12-22T03:36:00Z,ON
2024-12-22T09:00:00Z,OFF
2024-12-22T09:36:00Z,ON
2024-12-22T10:12:00Z,OFF
2024-12-22T10:48:00Z,ON
2024-12-22T18:36:00Z,ON
2024-12-22T23:24:00Z,OFF
2024-12-23T00:00:00Z,ON
2024-12-23T03:00:00Z,OFF
2024-12-23T03:36:00Z,ON
2024-12-23T07:12:00Z,OFF
2024-12-23T07:48:00Z,ON
2024-12-23T09:36:00Z,OFF
2024-12-23T10:12:00Z,ON
2024-12-23T15:36:00Z,OFF
2024-12-23T16:12:00Z,ON
2024-12-24T00:00:00Z,ON
2024-12-24T07:48:00Z,ON
2024-12-24T11:24:00Z,OFF
2024-12-24T12:00:00Z,ON
2024-12-24T18:00:00Z,OFF
2024-12-24T18:36:00Z,ON
2024-12-24T21:36:00Z,OFF
2024-12-24T22:12:00Z,ON
2024-12-24T23:24:00Z,OFF
2024-12-25T00:00:00Z,ON
2024-12-25T06:00:00Z,OFF
2024-12-25T06:36:00Z,ON
2024-12-25T10:48:00Z,OFF
2024-12-25T11:24:00Z,ON
2024-12-25T19:12:00Z,ON
2024-12-26T03:00:00Z,ON
2024-12-26T07:12:00Z,OFF
2024-12-26T07:48:00Z,ON
2024-12-26T12:00:00Z,OFF
2024-12-26T12:36:00Z,ON
2024-12-26T16:12:00Z,OFF
2024-12-26T16:48:00Z,ON
2024-12-27T00:00:00Z,OFF
2024-12-27T00:36:00Z,ON
2024-12-27T02:24:00Z,OFF
2024-12-27T03:00:00Z,ON
2024-12-27T10:48:00Z,ON
2024-12-27T18:36:00Z,ON
2024-12-27T19:12:00Z,OFF
2024-12-27T19:48:00Z,ON
2024-12-27T23:24:00Z,OFF
2024-12-28T00:00:00Z,ON
2024-12-28T04:12:00Z,OFF
2024-12-28T04:48:00Z,ON
2024-12-28T10:12:00Z,OFF
2024-12-28T10:48:00Z,ON
2024-12-28T11:24:00Z,OFF
2024-12-28T12:00:00Z,ON
2024-12-28T13:12:00Z,OFF
2024-12-28T13:48:00Z,ON
2024-12-28T21:00:00Z,OFF
2024-12-28T21:36:00Z,ON
2024-12-28T22:48:00Z,OFF
2024-12-28T23:24:00Z,ON
2024-12-29T00:36:00Z,OFF
2024-12-29T01:12:00Z,ON
2024-12-29T02:24:00Z,OFF
2024-12-29T03:00:00Z,ON
2024-12-29T06:36:00Z,OFF
2024-12-29T07:12:00Z,ON
2024-12-29T08:24:00Z,OFF
2024-12-29T09:00:00Z,ON
2024-12-29T16:48:00Z,ON
2024-12-29T18:00:00Z,OFF
2024-12-29T18:36:00Z,ON
2024-12-30T01:48:00Z,OFF
2024-12-30T02:24:00Z,ON
2024-12-30T04:48:00Z,OFF
2024-12-30T05:24:00Z,ON
2024-12-30T06:00:00Z,OFF
2024-12-30T06:36:00Z,ON
2024-12-30T14:24:00Z,OFF
2024-12-30T15:00:00Z,ON
2024-12-30T17:24:00Z,OFF
2024-12-30T18:00:00Z,ON
2024-12-30T22:48:00Z,OFF
2024-12-30T23:24:00Z,ON
2024-12-31T00:36:00Z,OFF
2024-12-31T01:12:00Z,ON
2024-12-31T09:00:00Z,ON
2024-12-31T11:24:00Z,OFF
2024-12-31T12:00:00Z,ON
2024-12-31T19:48:00Z,ON
2025-01-01T03:36:00Z,ON
2025-01-01T07:12:00Z,OFF
2025-01-01T07:48:00Z,ON
2025-01-01T11:24:00Z,OFF
2025-01-01T12:00:00Z,ON
2025-01-01T13:48:00Z,OFF
2025-01-01T14:24:00Z,ON
2025-01-01T20:24:00Z,OFF
2025-01-01T21:00:00Z,ON
2025-01-02T01:48:00Z,OFF
2025-01-02T02:24:00Z,ON
2025-01-02T03:00:00Z,OFF
2025-01-02T03:36:00Z,ON
2025-01-02T09:36:00Z,OFF
2025-01-02T10:48:00Z,ON
2025-01-02T13:48:00Z,OFF
2025-01-02T15:00:00Z,ON
2025-01-02T15:36:00Z,OFF
2025-01-02T16:12:00Z,ON
2025-01-03T00:00:00Z,ON
2025-01-03T03:36:00Z,OFF
2025-01-03T04:12:00Z,ON
2025-01-03T07:12:00Z,OFF
2025-01-03T07:48:00Z,ON
2025-01-03T15:36:00Z,ON
2025-01-03T21:36:00Z,OFF
2025-01-03T22:12:00Z,ON
2025-01-04T00:00:00Z,OFF
2025-01-04T00:36:00Z,ON
2025-01-04T02:24:00Z,OFF
2025-01-04T03:00:00Z,ON
2025-01-04T09:00:00Z,OFF
2025-01-04T09:36:00Z,ON
2025-01-04T17:24:00Z,ON
2025-01-04T18:00:00Z,OFF
2025-01-04T18:36:00Z,ON
2025-01-05T02:24:00Z,ON
2025-01-05T09:36:00Z,OFF
2025-01-05T10:12:00Z,ON
2025-01-05T18:00:00Z,ON
2025-01-06T01:12:00Z,OFF
2025-01-06T01:48:00Z,ON
2025-01-06T06:36:00Z,OFF
2025-01-06T07:12:00Z,ON
2025-01-06T15:00:00Z,ON
2025-01-06T16:48:00Z,OFF
2025-01-06T17:24:00Z,ON
2025-01-06T21:36:00Z,OFF
2025-01-06T22:12:00Z,ON
2025-01-07T00:36:00Z,OFF
2025-01-07T01:12:00Z,ON
2025-01-07T09:00:00Z,ON
2025-01-07T13:12:00Z,OFF
2025-01-07T13:48:00Z,ON
2025-01-07T20:24:00Z,OFF
2025-01-07T21:00:00Z,ON
2025-01-07T21:36:00Z,OFF
2025-01-07T22:12:00Z,ON
2025-01-08T00:00:00Z,OFF
2025-01-08T00:36:00Z,ON
2025-01-08T03:00:00Z,OFF
2025-01-08T03:36:00Z,ON
2025-01-08T07:12:00Z,OFF
2025-01-08T07:48:00Z,ON
2025-01-08T08:24:00Z,OFF
2025-01-08T09:00:00Z,ON
2025-01-08T16:48:00Z,ON
2025-01-09T00:36:00Z,ON
2025-01-09T02:24:00Z,OFF
2025-01-09T03:00:00Z,ON
2025-01-09T10:12:00Z,OFF
2025-01-09T10:48:00Z,ON
2025-01-09T18:36:00Z,ON
2025-01-10T02:24:00Z,ON
2025-01-10T07:48:00Z,OFF
2025-01-10T09:00:00Z,ON
2025-01-10T16:48:00Z,ON
2025-01-10T21:36:00Z,OFF
2025-01-10T22:12:00Z,ON
2025-01-10T22:48:00Z,OFF
2025-01-10T23:24:00Z,ON
2025-01-11T06:00:00Z,OFF
2025-01-11T06:36:00Z,ON
2025-01-11T07:12:00Z,OFF
2025-01-11T07:48:00Z,ON
2025-01-11T15:36:00Z,ON
2025-01-11T19:12:00Z,OFF
2025-01-11T19:48:00Z,ON
2025-01-12T03:36:00Z,OFF
2025-01-12T04:12:00Z,ON
2025-01-12T11:24:00Z,OFF
2025-01-12T12:00:00Z,ON
2025-01-12T19:48:00Z,OFF
2025-01-12T20:24:00Z,ON
2025-01-13T04:12:00Z,OFF
2025-01-13T04:48:00Z,ON
2025-01-13T12:36:00Z,ON
2025-01-13T13:12:00Z,OFF
2025-01-13T13:48:00Z,ON
2025-01-13T21:36:00Z,ON
2025-01-13T22:48:00Z,OFF
2025-01-13T23:24:00Z,ON
2025-01-14T02:24:00Z,OFF
2025-01-14T03:00:00Z,ON
2025-01-14T05:24:00Z,OFF
2025-01-14T06:36:00Z,ON
2025-01-14T07:48:00Z,OFF
2025-01-14T08:24:00Z,ON
2025-01-14T16:12:00Z,ON
2025-01-14T21:00:00Z,OFF
2025-01-14T21:36:00Z,ON
2025-01-15T00:00:00Z,OFF
2025-01-15T00:36:00Z,ON
2025-01-15T01:12:00Z,OFF
2025-01-15T01:48:00Z,ON
2025-01-15T07:48:00Z,OFF
2025-01-15T08:24:00Z,ON
2025-01-15T10:12:00Z,OFF
2025-01-15T10:48:00Z,ON
2025-01-15T15:00:00Z,OFF
2025-01-15T15:36:00Z,ON
2025-01-15T23:24:00Z,ON
2025-01-16T07:12:00Z,ON
2025-01-16T10:12:00Z,OFF
2025-01-16T10:48:00Z,ON
2025-01-16T14:24:00Z,OFF
2025-01-16T15:00:00Z,ON
2025-01-16T16:48:00Z,OFF
2025-01-16T17:24:00Z,ON
2025-01-16T21:36:00Z,OFF
2025-01-16T22:12:00Z,ON
2025-01-17T06:00:00Z,ON
2025-01-17T06:36:00Z,OFF
2025-01-17T07:12:00Z,ON
2025-01-17T13:48:00Z,OFF
2025-01-17T14:24:00Z,ON
2025-01-17T19:48:00Z,OFF
2025-01-17T20:24:00Z,ON
2025-01-18T00:36:00Z,OFF
2025-01-18T01:12:00Z,ON
2025-01-18T03:00:00Z,OFF
2025-01-18T03:36:00Z,ON
2025-01-18T07:48:00Z,OFF
2025-01-18T08:24:00Z,ON
2025-01-18T16:12:00Z,ON
2025-01-18T16:48:00Z,OFF
2025-01-18T17:24:00Z,ON
2025-01-18T20:24:00Z,OFF
2025-01-18T21:00:00Z,ON
2025-01-19T04:12:00Z,OFF
2025-01-19T04:48:00Z,ON
2025-01-19T07:12:00Z,OFF
2025-01-19T07:48:00Z,ON
2025-01-19T13:12:00Z,OFF
2025-01-19T13:48:00Z,ON
2025-01-19T16:48:00Z,OFF
2025-01-19T17:24:00Z,ON
2025-01-19T19:12:00Z,OFF
2025-01-19T19:48:00Z,ON
2025-01-19T21:00:00Z,OFF
2025-01-19T21:36:00Z,ON
2025-01-20T01:12:00Z,OFF
2025-01-20T01:48:00Z,ON
2025-01-20T09:36:00Z,ON
2025-01-20T10:48:00Z,OFF
2025-01-20T11:24:00Z,ON
2025-01-20T19:12:00Z,ON
2025-01-20T22:48:00Z,OFF
2025-01-20T23:24:00Z,ON
2025-01-21T03:00:00Z,OFF
2025-01-21T03:36:00Z,ON
2025-01-21T06:36:00Z,OFF
2025-01-21T07:12:00Z,ON
2025-01-21T15:00:00Z,ON
2025-01-21T22:48:00Z,ON
2025-01-22T06:00:00Z,OFF
2025-01-22T06:36:00Z,ON
2025-01-22T14:24:00Z,ON
2025-01-22T18:36:00Z,OFF
2025-01-22T19:12:00Z,ON
2025-01-23T03:00:00Z,OFF
2025-01-23T03:36:00Z,ON
2025-01-23T04:48:00Z,OFF
2025-01-23T05:24:00Z,ON
2025-01-23T13:12:00Z,ON
2025-01-23T16:48:00Z,OFF
2025-01-23T17:24:00Z,ON
2025-01-23T22:12:00Z,OFF
2025-01-23T22:48:00Z,ON
2025-01-24T06:00:00Z,OFF
2025-01-24T06:36:00Z,ON
2025-01-24T07:12:00Z,OFF
2025-01-24T07:48:00Z,ON
2025-01-24T15:36:00Z,ON
2025-01-24T23:24:00Z,ON
2025-01-25T02:24:00Z,OFF
2025-01-25T03:00:00Z,ON
2025-01-25T03:36:00Z,OFF
2025-01-25T04:12:00Z,ON
2025-01-25T07:12:00Z,OFF
2025-01-25T07:48:00Z,ON
2025-01-25T12:00:00Z,OFF
2025-01-25T12:36:00Z,ON
2025-01-25T17:24:00Z,OFF
2025-01-25T18:00:00Z,ON
2025-01-25T18:36:00Z,OFF
2025-01-25T19:12:00Z,ON
2025-01-25T19:48:00Z,OFF
2025-01-25T20:24:00Z,ON
2025-01-26T03:36:00Z,OFF
2025-01-26T04:12:00Z,ON
2025-01-26T12:00:00Z,ON
2025-01-26T16:48:00Z,OFF
2025-01-26T17:24:00Z,ON
2025-01-27T01:12:00Z,ON
2025-01-27T04:12:00Z,OFF
2025-01-27T04:48:00Z,ON
2025-01-27T12:36:00Z,ON
2025-01-27T15:00:00Z,OFF
2025-01-27T15:36:00Z,ON
2025-01-27T21:00:00Z,OFF
2025-01-27T21:36:00Z,ON
2025-01-28T01:12:00Z,OFF
2025-01-28T01:48:00Z,ON
2025-01-28T02:24:00Z,OFF
2025-01-28T03:00:00Z,ON
2025-01-28T05:24:00Z,OFF
2025-01-28T06:00:00Z,ON
2025-01-28T06:36:00Z,OFF
2025-01-28T07:12:00Z,ON
2025-01-28T09:36:00Z,OFF
2025-01-28T10:12:00Z,ON
2025-01-28T12:36:00Z,OFF
2025-01-28T13:12:00Z,ON
2025-01-28T21:00:00Z,OFF
2025-01-28T21:36:00Z,ON
2025-01-29T01:12:00Z,OFF
2025-01-29T01:48:00Z,ON
2025-01-29T06:00:00Z,OFF
2025-01-29T07:12:00Z,ON
2025-01-29T15:00:00Z,ON
2025-01-29T16:12:00Z,OFF
2025-01-29T16:48:00Z,ON
2025-01-30T00:00:00Z,OFF
2025-01-30T00:36:00Z,ON
2025-01-30T01:12:00Z,OFF
2025-01-30T01:48:00Z,ON
2025-01-30T07:12:00Z,OFF
2025-01-30T07:48:00Z,ON
2025-01-30T09:00:00Z,OFF
2025-01-30T09:36:00Z,ON
2025-01-30T12:00:00Z,OFF
2025-01-30T12:36:00Z,ON
2025-01-30T17:24:00Z,OFF
2025-01-30T18:00:00Z,ON
2025-01-31T00:00:00Z,OFF
2025-01-31T00:36:00Z,ON
2025-01-31T04:48:00Z,OFF
2025-01-31T05:24:00Z,ON
2025-01-31T10:12:00Z,OFF
2025-01-31T10:48:00Z,ON
2025-01-31T14:24:00Z,OFF
2025-01-31T15:00:00Z,ON
2025-01-31T20:24:00Z,OFF
2025-01-31T21:00:00Z,ON
2025-02-01T04:48:00Z,ON
2025-02-01T08:24:00Z,OFF
2025-02-01T09:00:00Z,ON
2025-02-01T10:12:00Z,OFF
2025-02-01T11:24:00Z,ON
2025-02-01T12:36:00Z,OFF
2025-02-01T13:12:00Z,ON
2025-02-01T21:00:00Z,ON
2025-02-01T22:48:00Z,OFF
2025-02-01T23:24:00Z,ON
2025-02-02T03:36:00Z,OFF
2025-02-02T04:12:00Z,ON
2025-02-02T04:48:00Z,OFF
2025-02-02T05:24:00Z,ON
2025-02-02T06:00:00Z,OFF
2025-02-02T06:36:00Z,ON
2025-02-02T10:48:00Z,OFF
2025-02-02T11:24:00Z,ON
2025-02-02T12:00:00Z,OFF
2025-02-02T12:36:00Z,ON
2025-02-02T15:36:00Z,OFF
2025-02-02T16:12:00Z,ON
2025-02-02T16:48:00Z,OFF
2025-02-02T17:24:00Z,ON
2025-02-02T18:00:00Z,OFF
2025-02-02T18:36:00Z,ON
2025-02-02T22:12:00Z,OFF
2025-02-02T22:48:00Z,ON
2025-02-03T00:36:00Z,OFF
2025-02-03T01:12:00Z,ON
2025-02-03T06:36:00Z,OFF
2025-02-03T07:48:00Z,ON
2025-02-03T15:00:00Z,OFF
2025-02-03T15:36:00Z,ON
2025-02-03T23:24:00Z,ON
2025-02-04T03:00:00Z,OFF
2025-02-04T03:36:00Z,ON
2025-02-04T11:24:00Z,ON
2025-02-04T19:12:00Z,ON
2025-02-05T00:36:00Z,OFF
2025-02-05T01:12:00Z,ON
2025-02-05T05:24:00Z,OFF
2025-02-05T06:00:00Z,ON
2025-02-05T06:36:00Z,OFF
2025-02-05T07:12:00Z,ON
2025-02-05T08:24:00Z,OFF
2025-02-05T09:00:00Z,ON
2025-02-05T12:36:00Z,OFF
2025-02-05T13:12:00Z,ON
2025-02-05T21:00:00Z,ON
2025-02-06T02:24:00Z,OFF
2025-02-06T03:00:00Z,ON
2025-02-06T10:48:00Z,ON
2025-02-06T18:36:00Z,ON
2025-02-06T19:12:00Z,OFF
2025-02-06T19:48:00Z,ON
2025-02-06T20:24:00Z,OFF
2025-02-06T21:00:00Z,ON
2025-02-07T00:36:00Z,OFF
2025-02-07T01:12:00Z,ON
2025-02-07T09:00:00Z,ON
2025-02-07T11:24:00Z,OFF
2025-02-07T12:36:00Z,ON
2025-02-07T13:48:00Z,OFF
2025-02-07T14:24:00Z,ON
2025-02-07T17:24:00Z,OFF
2025-02-07T18:00:00Z,ON
2025-02-08T00:00:00Z,OFF
2025-02-08T00:36:00Z,ON
2025-02-08T01:48:00Z,OFF
2025-02-08T02:24:00Z,ON
2025-02-08T10:12:00Z,ON
2025-02-08T18:00:00Z,ON
2025-02-08T19:48:00Z,OFF
2025-02-08T20:24:00Z,ON
2025-02-08T21:36:00Z,OFF
2025-02-08T22:12:00Z,ON
2025-02-09T01:48:00Z,OFF
2025-02-09T02:24:00Z,ON
2025-02-09T10:12:00Z,ON
2025-02-09T11:24:00Z,OFF
2025-02-09T12:00:00Z,ON
2025-02-09T16:12:00Z,OFF
2025-02-09T16:48:00Z,ON
2025-02-09T22:48:00Z,OFF
2025-02-09T23:24:00Z,ON
2025-02-10T03:36:00Z,OFF
2025-02-10T04:12:00Z,ON
2025-02-10T07:12:00Z,OFF
2025-02-10T07:48:00Z,ON
2025-02-10T15:00:00Z,ON
2025-02-10T15:36:00Z,ON
2025-02-10T20:24:00Z,OFF
2025-02-10T21:00:00Z,ON
2025-02-11T03:36:00Z,OFF
2025-02-11T04:12:00Z,ON
2025-02-11T12:00:00Z,ON
2025-02-11T15:00:00Z,OFF
2025-02-11T15:36:00Z,ON
2025-02-11T23:24:00Z,ON
2025-02-12T01:48:00Z,OFF
2025-02-12T02:24:00Z,ON
2025-02-12T04:12:00Z,OFF
2025-02-12T04:48:00Z,ON
2025-02-12T10:48:00Z,OFF
2025-02-12T11:24:00Z,ON
2025-02-12T15:36:00Z,OFF
2025-02-12T16:12:00Z,ON
2025-02-12T21:00:00Z,OFF
2025-02-12T21:36:00Z,ON
2025-02-12T22:12:00Z,OFF
2025-02-12T22:48:00Z,ON
2025-02-13T06:36:00Z,ON
2025-02-13T08:24:00Z,OFF
2025-02-13T09:00:00Z,ON
2025-02-13T15:36:00Z,OFF
2025-02-13T16:12:00Z,ON
2025-02-13T18:36:00Z,OFF
2025-02-13T19:12:00Z,ON
2025-02-14T03:00:00Z,ON
2025-02-14T05:24:00Z,OFF
2025-02-14T06:00:00Z,ON
2025-02-14T11:24:00Z,OFF
2025-02-14T12:00:00Z,ON
2025-02-14T19:48:00Z,ON
2025-02-15T03:36:00Z,ON
2025-02-15T07:48:00Z,OFF
2025-02-15T08:24:00Z,ON
2025-02-15T11:24:00Z,OFF
2025-02-15T12:00:00Z,ON
2025-02-15T18:00:00Z,OFF
2025-02-15T18:36:00Z,ON
2025-02-15T19:12:00Z,OFF
2025-02-15T19:48:00Z,ON
2025-02-15T22:12:00Z,OFF
2025-02-15T22:48:00Z,ON
2025-02-16T06:36:00Z,OFF
2025-02-16T07:12:00Z,ON
2025-02-16T07:48:00Z,OFF
2025-02-16T08:24:00Z,ON
2025-02-16T09:00:00Z,OFF
2025-02-16T09:36:00Z,ON
2025-02-16T17:24:00Z,OFF
2025-02-16T18:00:00Z,ON
2025-02-16T22:12:00Z,OFF
2025-02-16T22:48:00Z,ON
2025-02-17T04:48:00Z,OFF
2025-02-17T05:24:00Z,ON
2025-02-17T13:12:00Z,ON
2025-02-17T18:00:00Z,OFF
2025-02-17T18:36:00Z,ON
2025-02-17T19:48:00Z,OFF
2025-02-17T20:24:00Z,ON
2025-02-17T21:00:00Z,OFF
2025-02-17T21:36:00Z,ON
2025-02-18T05:24:00Z,ON
2025-02-18T07:12:00Z,OFF
2025-02-18T07:48:00Z,ON
2025-02-18T15:36:00Z,ON
2025-02-18T17:24:00Z,OFF
2025-02-18T18:00:00Z,ON
2025-02-18T23:24:00Z,OFF
2025-02-19T00:00:00Z,ON
2025-02-19T01:12:00Z,OFF
2025-02-19T01:48:00Z,ON
2025-02-19T07:48:00Z,OFF
2025-02-19T08:24:00Z,ON
2025-02-19T16:12:00Z,ON
2025-02-19T18:36:00Z,OFF
2025-02-19T19:12:00Z,ON
2025-02-20T03:00:00Z,ON
2025-02-20T03:36:00Z,OFF
2025-02-20T04:12:00Z,ON
2025-02-20T12:00:00Z,ON
2025-02-20T15:36:00Z,OFF
2025-02-20T16:12:00Z,ON
2025-02-21T00:00:00Z,ON
2025-02-21T03:00:00Z,OFF
2025-02-21T03:36:00Z,ON
2025-02-21T06:36:00Z,OFF
2025-02-21T07:12:00Z,ON
2025-02-21T15:00:00Z,ON
2025-02-21T19:48:00Z,OFF
2025-02-21T20:24:00Z,ON
2025-02-22T03:36:00Z,OFF
2025-02-22T04:12:00Z,ON
2025-02-22T12:00:00Z,ON
2025-02-22T19:48:00Z,ON
2025-02-23T00:00:00Z,OFF
2025-02-23T00:36:00Z,ON
2025-02-23T02:24:00Z,OFF
2025-02-23T03:00:00Z,ON
2025-02-23T04:48:00Z,OFF
2025-02-23T05:24:00Z,ON
2025-02-23T07:12:00Z,OFF
2025-02-23T07:48:00Z,ON
2025-02-23T14:24:00Z,OFF
2025-02-23T15:00:00Z,ON
2025-02-23T22:48:00Z,ON
2025-02-24T06:36:00Z,ON
2025-02-24T12:36:00Z,OFF
2025-02-24T13:12:00Z,ON
2025-02-24T19:12:00Z,OFF
2025-02-24T19:48:00Z,ON
2025-02-25T03:36:00Z,ON
2025-02-25T11:24:00Z,ON
2025-02-25T13:48:00Z,OFF
2025-02-25T14:24:00Z,ON
2025-02-25T16:12:00Z,OFF
2025-02-25T16:48:00Z,ON
2025-02-26T00:36:00Z,ON
2025-02-26T01:48:00Z,OFF
2025-02-26T02:24:00Z,ON
2025-02-26T10:12:00Z,ON
2025-02-26T16:48:00Z,OFF
2025-02-26T17:24:00Z,ON
2025-02-27T01:12:00Z,ON
2025-02-27T09:00:00Z,ON
2025-02-27T12:00:00Z,OFF
2025-02-27T12:36:00Z,ON
2025-02-27T13:12:00Z,OFF
2025-02-27T13:48:00Z,ON
2025-02-27T15:00:00Z,OFF
2025-02-27T15:36:00Z,ON
2025-02-27T19:48:00Z,OFF
2025-02-27T20:24:00Z,ON
2025-02-27T23:24:00Z,OFF
2025-02-28T00:00:00Z,ON
2025-02-28T04:12:00Z,OFF
2025-02-28T04:48:00Z,ON
2025-02-28T09:00:00Z,OFF
2025-02-28T09:36:00Z,ON
2025-02-28T17:24:00Z,ON
2025-02-28T18:36:00Z,OFF
2025-02-28T19:12:00Z,ON
2025-02-28T21:36:00Z,OFF
2025-02-28T22:12:00Z,ON
2025-02-28T22:48:00Z,OFF
2025-02-28T23:24:00Z,ON
2025-03-01T06:36:00Z,OFF
2025-03-01T07:12:00Z,ON
2025-03-01T10:12:00Z,OFF
2025-03-01T10:48:00Z,ON
2025-03-01T14:24:00Z,OFF
2025-03-01T15:00:00Z,ON
2025-03-01T17:24:00Z,OFF
2025-03-01T18:00:00Z,ON
2025-03-01T20:24:00Z,OFF
2025-03-01T21:00:00Z,ON
2025-03-01T23:24:00Z,OFF
2025-03-02T00:00:00Z,ON
2025-03-02T05:24:00Z,OFF
2025-03-02T06:00:00Z,ON
2025-03-02T09:00:00Z,OFF
2025-03-02T09:36:00Z,ON
2025-03-02T17:24:00Z,ON
2025-03-02T20:24:00Z,OFF
2025-03-02T21:00:00Z,ON
2025-03-02T21:36:00Z,OFF
2025-03-02T22:12:00Z,ON
2025-03-03T06:00:00Z,ON
2025-03-03T06:36:00Z,OFF
2025-03-03T07:12:00Z,ON
2025-03-03T15:00:00Z,OFF
2025-03-03T15:36:00Z,ON
2025-03-03T20:24:00Z,OFF
2025-03-03T21:00:00Z,ON
2025-03-03T22:12:00Z,OFF
2025-03-03T22:48:00Z,ON
2025-03-04T06:36:00Z,ON
2025-03-04T12:36:00Z,OFF
2025-03-04T13:12:00Z,ON
2025-03-04T18:36:00Z,OFF
2025-03-04T19:12:00Z,ON
2025-03-04T23:24:00Z,OFF
2025-03-05T00:00:00Z,ON
2025-03-05T01:12:00Z,OFF
2025-03-05T01:48:00Z,ON
2025-03-05T02:24:00Z,OFF
2025-03-05T03:00:00Z,ON
2025-03-05T04:48:00Z,OFF
2025-03-05T05:24:00Z,ON
2025-03-05T13:12:00Z,ON
2025-03-05T16:12:00Z,OFF
2025-03-05T16:48:00Z,ON
2025-03-05T18:00:00Z,OFF
2025-03-05T18:36:00Z,ON
2025-03-05T19:48:00Z,OFF
2025-03-05T20:24:00Z,ON
2025-03-05T21:00:00Z,OFF
2025-03-05T21:36:00Z,ON
2025-03-06T01:12:00Z,OFF
2025-03-06T01:48:00Z,ON
2025-03-06T09:36:00Z,ON
2025-03-06T14:24:00Z,OFF
2025-03-06T15:00:00Z,ON
2025-03-06T15:36:00Z,OFF
2025-03-06T16:12:00Z,ON
2025-03-06T16:48:00Z,OFF
2025-03-06T18:00:00Z,ON
